{"entities":{"pages":{"introduction":{"id":"introduction","title":"Introduction to Mariko","url":"introduction.html","level":0,"tabIndex":0},"demon-slayer-rpg":{"id":"demon-slayer-rpg","title":"Demon Slayer RPG","url":"demon-slayer-rpg.html","level":0,"pages":["daylight-cycle"],"tabIndex":1},"daylight-cycle":{"id":"daylight-cycle","title":"🌓 Daylight Cycle","url":"daylight-cycle.html","level":1,"parentId":"demon-slayer-rpg","tabIndex":0},"soon":{"id":"soon","title":"Soon!","url":"soon.html","level":0,"tabIndex":2}}},"topLevelIds":["introduction","demon-slayer-rpg","soon"]}