{"entities":{"pages":{"introduction":{"id":"introduction","title":"Introduction to Mariko","url":"introduction.html","level":0,"tabIndex":0},"demon-slayer-rpg":{"id":"demon-slayer-rpg","title":"Demon Slayer RPG","url":"demon-slayer-rpg.html","level":0,"pages":["open-world-content","open-world-mechanics"],"tabIndex":1},"open-world-content":{"id":"open-world-content","title":"Open World Content","url":"open-world-content.html","level":1,"parentId":"demon-slayer-rpg","pages":["equipment","idle-content","map-content","mini-games","quests"],"tabIndex":0},"equipment":{"id":"equipment","title":"› Equipment","url":"equipment.html","level":2,"parentId":"open-world-content","tabIndex":0},"idle-content":{"id":"idle-content","title":"› Idle Content","url":"idle-content.html","level":2,"parentId":"open-world-content","tabIndex":1},"map-content":{"id":"map-content","title":"› Map Content","url":"map-content.html","level":2,"parentId":"open-world-content","tabIndex":2},"mini-games":{"id":"mini-games","title":"› Mini-Games","url":"mini-games.html","level":2,"parentId":"open-world-content","tabIndex":3},"quests":{"id":"quests","title":"› Quests","url":"quests.html","level":2,"parentId":"open-world-content","tabIndex":4},"open-world-mechanics":{"id":"open-world-mechanics","title":"Open World Mechanics","url":"open-world-mechanics.html","level":1,"parentId":"demon-slayer-rpg","pages":["battles","daylight-cycle","map-mechanics","prestige-and-knowledge","profile"],"tabIndex":1},"battles":{"id":"battles","title":"› Battles","url":"battles.html","level":2,"parentId":"open-world-mechanics","tabIndex":0},"daylight-cycle":{"id":"daylight-cycle","title":"› Daylight Cycle","url":"daylight-cycle.html","level":2,"parentId":"open-world-mechanics","tabIndex":1},"map-mechanics":{"id":"map-mechanics","title":"› Map Mechanics","url":"map-mechanics.html","level":2,"parentId":"open-world-mechanics","tabIndex":2},"prestige-and-knowledge":{"id":"prestige-and-knowledge","title":"› Prestige \u0026 Knowledge","url":"prestige-and-knowledge.html","level":2,"parentId":"open-world-mechanics","tabIndex":3},"profile":{"id":"profile","title":"› Profile","url":"profile.html","level":2,"parentId":"open-world-mechanics","tabIndex":4},"policies":{"id":"policies","title":"Policies","url":"policies.html","level":0,"pages":["legal-notices","terms-of-service","privacy-policy","branding"],"tabIndex":2},"legal-notices":{"id":"legal-notices","title":"› Legal Notices","url":"legal-notices.html","level":1,"parentId":"policies","tabIndex":0},"terms-of-service":{"id":"terms-of-service","title":"› Terms of Service","url":"terms-of-service.html","level":1,"parentId":"policies","tabIndex":1},"privacy-policy":{"id":"privacy-policy","title":"› Privacy Policy","url":"privacy-policy.html","level":1,"parentId":"policies","tabIndex":2},"branding":{"id":"branding","title":"› Branding","url":"branding.html","level":1,"parentId":"policies","tabIndex":3},"soon":{"id":"soon","title":"Soon!","url":"soon.html","level":0,"tabIndex":3}}},"topLevelIds":["introduction","demon-slayer-rpg","policies","soon"]}