{"title":"Demon Slayer RPG","subtitle":"Welcome to the portal to get access to all the information you need to know about the Demon Slayer RPG ; playable onto the Discord bot Mariko.","tips":[{"title":"Daylight Cycle","description":"In Kimetsu no Yaiba universe, demons and humans cannot encounter except during the night. It becomes a problem when it comes to make a game when players can chose between demon and slayer ; and when they have to encounter each other.","url":"daylight-cycle.html","type":"library"},{"title":"Daylight Cycle","description":"In Kimetsu no Yaiba universe, demons and humans cannot encounter except during the night. It becomes a problem when it comes to make a game when players can chose between demon and slayer ; and when they have to encounter each other.","url":"daylight-cycle.html","type":"library"}],"main":{"title":"Primary section","data":[{"title":"First element","description":"Demon Slayer RPG Welcome to the portal to get access to all the information you need to know about the Demon Slayer RPG ; playable onto the Discord bot Mariko. Daylight Cycle Daylight Cycle Primary section First element Second element Secondary section First element Second element","url":""},{"title":"Second element","description":"Demon Slayer RPG Welcome to the portal to get access to all the information you need to know about the Demon Slayer RPG ; playable onto the Discord bot Mariko. Daylight Cycle Daylight Cycle Primary section First element Second element Secondary section First element Second element","url":""}]},"highlighted":{"title":"Secondary section","data":[{"title":"First element","description":"Demon Slayer RPG Welcome to the portal to get access to all the information you need to know about the Demon Slayer RPG ; playable onto the Discord bot Mariko. Daylight Cycle Daylight Cycle Primary section First element Second element Secondary section First element Second element","url":""},{"title":"Second element","description":"Demon Slayer RPG Welcome to the portal to get access to all the information you need to know about the Demon Slayer RPG ; playable onto the Discord bot Mariko. Daylight Cycle Daylight Cycle Primary section First element Second element Secondary section First element Second element","url":""}]},"prevNextLinks":{"prevPageTitle":"Introduction to Mariko","nextPageUrl":"daylight-cycle.html","nextPageTitle":"Daylight Cycle","prevPageUrl":"introduction.html"}}