{"title":"Demon Slayer RPG","subtitle":"Welcome to the portal to get access to all the information you need to know about the Demon Slayer RPG ; playable onto the Discord bot Mariko.","tips":[{"title":"Soon.","description":"🗓️ The content of this page will be available soon.","url":"soon.html","type":"start"},{"title":"Soon.","description":"🗓️ The content of this page will be available soon.","url":"soon.html","type":"start"}],"main":{"title":"Game Content","data":[{"title":"Soon.","description":"🗓️ The content of this page will be available soon.","url":"soon.html"},{"title":"Soon.","description":"🗓️ The content of this page will be available soon.","url":"soon.html"}]},"highlighted":{"title":"Game Mechanics","data":[{"title":"🌓 Daily Cycle","description":"In Kimetsu no Yaiba universe, demons and humans cannot encounter except during the night. It becomes a problem when it comes to make a game when players can chose between demon and slayer ; and when they have to encounter each other.","url":"daylight-cycle.html"},{"title":"Soon.","description":"🗓️ The content of this page will be available soon.","url":"soon.html"}]},"prevNextLinks":{"prevPageTitle":"Introduction to Mariko","nextPageUrl":"daylight-cycle.html","nextPageTitle":"🌓 Daylight Cycle","prevPageUrl":"introduction.html"}}