{"title":"Demon Slayer RPG","subtitle":"Welcome to the Demon Slayer RPG.","tips":[{"title":"Open World Content","description":"Start typing here...","url":"open-world-content.html","type":"creative"},{"title":"Open World Mechanics","description":"Start typing here...","url":"open-world-mechanics.html","type":"settings"}],"main":{"title":"Open World Content","data":[{"title":"› Equipment","description":"This is the equipment content page.","url":"equipment.html"},{"title":"› Idle Content","description":"This is the idle content page.","url":"idle-content.html"},{"title":"› Map Content","description":"This is the map content page. Paired with the Map Mechanics page.","url":"map-content.html"},{"title":"› Mini-Games","description":"This is the mini-games content page.","url":"mini-games.html"},{"title":"› Quests","description":"This is the quests content page","url":"quests.html"}]},"highlighted":{"title":"Open World Mechanics","data":[{"title":"› Battles","description":"This is the battles mechanic page.","url":"battles.html"},{"title":"› Daylight Cycle","description":"This is the daylight cycle mechanic page.","url":"daylight-cycle.html"},{"title":"› Map Mechanics","description":"This is the map mechanics explanation page. Paired with the Map Content page.","url":"map-mechanics.html"},{"title":"› Prestige \u0026 Knowledge","description":"This is the prestige and knowledge mechanic page.","url":"prestige-and-knowledge.html"},{"title":"› Profile","description":"This is the profile mechanic page.","url":"profile.html"}]},"prevNextLinks":{"prevPageTitle":"Introduction to Mariko","nextPageUrl":"open-world-content.html","nextPageTitle":"Open World Content","prevPageUrl":"introduction.html"}}